Suchbegriff;WarehouseId
Ace;1
Fassreiter;1
Hopfenstern;1
Salvus;1
Wasser;1
Pinkus;1
Cola;1
Bier;1
Klar;1
Bionade;1
Fritz;1
Milch;1
Mate;1
Toilettenpapier;1
Liba;1
Krombacher;1
Tonic;1
Sawell;1
Volvic;1
Gösser;1
Glucks;1
Finne;1
Eis;1
Heineken;1
Fassbrause;1
Aera;1
Astra;1
Vilsa;1
Veltins;1
Hansa;1
Eistee;1
Forstetal;1
Chips;1
Bitburger;1
Mio;1
Proviant;1
Radler;1
Töftes;1
Deit;1
Fanta;1
Potts;1
Augustiner;1
Energy;1
Coca-Cola;1
Jever;1
Ben;1
Apfelsaft;1
Schweppes;1
Cola Zero;1
Erdinger;1
Pizza;1
Saft;1
Coca Cola;1
Apfelschorle;1
Wein;1
Spezi;1
Becks;1
Kaffee;1
Oettinger;1
Grevensteiner;1
Malzbier;1
Grolsch;1
Pepsi;1
Steinsieker;1
Störtebeker;1
Orangensaft;1
Klopapier;1
Pülleken;1
Glühwein;1
Wicküler;1
Mix;1
Gin;1
Paulaner;1
Vitamalz;1
Carolinen;1
Lillet;1
Red Bull;1
Minawa;1
Käse;1
Beck'S;1
Eiswürfel;1
San Pellegrino;1
Alkoholfrei;1
Corona;1
Sekt;1
Cola Light;1
Vio;1
Zero;1
Eier;1
Mixkiste;1
Alpro;1
Budweiser;1
Küchenrolle;1
Sprite;1
Thomas Henry;1
Flensburger;1
Spaten;1
Warsteiner;1
Berliner Luft;1
Fritz Cola;1
Fritz-Kola;1
Mio Mio;1
Frosch;1
Landpark;1
Emsland;1
Rheinfels;1
Tee;1
Bluna;1
Apodis;1
Cider;1
Waschmittel;1
Oktoberfest;1
Evian;1
Tegernseer;1
Helles;1
Malz;1
Regina;1
Beckers Bester;1
Seife;1
Störtebecker;1
Zewa;1
Bayreuther;1
Aperol;1
Brot;1
Aquintus;1
Hohenfelder;1
Ben & Jerry'S;1
Bio;1
Stiftsquelle;1
Iso;1
Jever Fun;1
Stauder;1
Monster;1
Rosbacher;1
Club-Mate;1
Sinalco;1
Pott'S;1
Schokolade;1
Almdudler;1
Orangina;1
Tomaten;1
Bad Meinberger;1
Mönchshof;1
Sport;1
Rothaus;1
Büble;1
Butter;1
Brötchen;1
Ace;1
De Buur;1
Gerri;1
Wasser;2
Cola;2
Fassbrause;2
Volvic;2
Klar;2
Fritz;2
Kölsch;2
Bier;2
Bionade;2
Tonic;2
Aera;2
Mate;2
Milch;2
Cola Zero;2
Eistee;2
Rheinfels;2
Fanta;2
Reissdorf;2
Mio;2
Heineken;2
Vio;2
Apfelsaft;2
Schweppes;2
Bitburger;2
Coca-Cola;2
Gaffel;2
Gösser;2
Vilsa;2
Proviant;2
Zero;2
Mixkiste;2
Apfelschorle;2
Mix;2
Radler;2
Steinsieker;2
Astra;2
Rosbacher;2
Apollinaris;2
Augustiner;2
Rhodius;2
Spezi;2
Schreckenskammer;2
Wein;2
Coca Cola;2
Aquintus;2
Sprite;2
San Pellegrino;2
Malzbier;2
Dreiser;2
Flensburger;2
Landpark;2
Vitamalz;2
Fritz-Kola;2
Kastell;2
Orangensaft;2
Glucks;2
Minawa;2
Krombacher;2
Gin;2
;2
Früh;2
Erdinger;2
Bergische Waldquelle;2
Corona;2
Energy;2
Lillet;2
Mio Mio;2
Vittel;2
Becks;2
Saft;2
Milch & Alternativen;2
Nürburg;2
Pepsi;2
Deit;2
Schloss Quelle;2
Thomas Henry;2
Aperol;2
Sünner;2
Gerri;2
Red Bull;2
Oettinger;2
Budweiser;2
Jever;2
Römerwall;2
Tee;2
Eis;2
Mühlen;2
Alkoholfrei;2
Evian;2
Vulkanius;2
Sinalco;2
Ginger;2
Lömmelömm;2
Sekt;2
Oktoberfest;2
Selters;2
Eiswürfel;2
Almdudler;2
Paulaner;2
Adelholzener;2
Cola Light;2
Pülleken;2
Vulkan;2
Bluna;2
Tyskie;2
Viva Con Agua;2
Orangina;2
Veltins;2
Beck'S;2
Kölsches Wasser;2
Leffe;2
Störtebeker;2
Warsteiner;2
Toilettenpapier;2
Landpark Bio-Quelle;2
Ginger Ale;2
Granini;2
Fass;2
Weißwein;2
Tonic Water;2
Wasser Still;2
Jever Fun;2
Multivitamin;2
Bio;2
Franziskaner;2
Glühwein;2
Stiftsquelle;2
Volvic Tee;2
Lemonaid;2
Paulaner Spezi;2
Club Mate;2
Iso;2
Limo;2
Durstlöscher;2
Grevensteiner;2
Oktoberfestbier;2
Afri;2
Afri Cola;2
Büble;2
Salvus;2
Tegernseer;2
Beckers;2
Lammsbräu;2
Peters;2
Reisdorf;2
Club-Mate;2
Rothaus;2
Pils;2
Cola;3
Wasser;3
Odenwaldquelle;3
Welde;3
Volvic;3
Mate;3
Alwa;3
Bionade;3
Bier;3
Milch;3
Eistee;3
Klar;3
Eichbaum;3
Bizzl;3
Tonic;3
Fanta;3
Odenwald;3
Ensinger;3
Schweppes;3
Aera;3
Apfelsaft;3
Fritz;3
Iso;3
Radler;3
Coca-Cola;3
Rosbacher;3
Cola Zero;3
Deit;3
Rothaus;3
Orangina;3
Teinacher;3
Karamalz;3
Zero;3
Minawa;3
Orangensaft;3
Augustiner;3
Black Forest;3
Pepsi;3
Saft;3
Elisabethen Quelle;3
Astra;3
Wein;3
Spezi;3
Corona;3
Flensburger;3
Red Bull;3
Sprite;3
Q4;3
Paulaner;3
Tee;3
Elisabethen;3
Lillet;3
Apfelschorle;3
Coca Cola;3
Energy;3
Mio;3
Aqua Vitale;3
Oettinger;3
;3
Eiswürfel;3
Vio;3
Heineken;3
Ace;3
Adelholzener;3
Paulaner Spezi;3
Proviant;3
Selters;3
Hassia;3
Eis;3
Mixkiste;3
Almdudler;3
Tegernseer;3
Ureich;3
Mio Mio;3
Bitburger;3
Oktoberfest;3
Töftes;3
Glucks;3
Glühwein;3
Malzbier;3
Jever;3
Cola Light;3
Alkoholfrei;3
Durstlöscher;3
Redbull;3
Zuckerfrei;3
Apollinaris;3
Odenwald Quelle;3
Bluna;3
Granini;3
Fassbrause;3
Sekt;3
Gin;3
Milch & Alternativen;3
Ginger Ale;3
Krombacher;3
Afri Cola;3
Wasser Still;3
Mix;3
Ensinger Sport;3
Limo;3
Burkhardt;3
Sinalco;3
Becks;3
Thomas Henry;3
Apfelwein;3
San Pellegrino;3
Vittel;3
Diet;3
Mezzo Mix;3
Evian;3
Toilettenpapier;3
Warsteiner;3
Erdinger;3
Ginger;3
Club-Mate;3
Mezzo;3
Chips;3
Bergquelle;3
Black;3
Club Mate;3
Grapefruit;3
Rossbacher;3
Tonic Water;3
Griesbacher;3
Afri;3
Alpirsbacher;3
Die Limo;3
Hacker Pschorr;3
Pils;3
Riesling;3
Mineralwasser;3
Ouzo;3
Aperol;3
Bizzel;3
Fritz-Kola;3
Markgrafen;3
Tannenzäpfle;3
Kaffee;3
Schwip Schwap;3
Azur;3
Wasserglück;3
Bitter Lemon;3
Cider;3
Helles;3
Desperados;3
Kaffee & Tee;3
Naturpark;3
Rotkäppchen;3
Wasser;4
Cola;4
Volvic;4
Tonic;4
Bier;4
Milch;4
Bionade;4
Klar;4
Fritz;4
Aera;4
Mate;4
Heineken;4
Cola Zero;4
Fassbrause;4
Rheinfels;4
Eistee;4
Astra;4
Tegernseer;4
Schweppes;4
Apfelschorle;4
Coca-Cola;4
Apfelsaft;4
Flensburger;4
Gösser;4
Schloss Quelle;4
Fanta;4
Krombacher;4
Vilsa;4
Vio;4
Augustiner;4
Selters;4
Kastell;4
Wein;4
Radler;4
Minawa;4
Bitburger;4
Veltins;4
Red Bull;4
Proviant;4
Glucks;4
Sinziger;4
Gin;4
San Pellegrino;4
Orangensaft;4
Thomas Henry;4
Fritz-Kola;4
Zero;4
Bolten;4
Evian;4
Mio;4
Eiswürfel;4
Energy;4
Warsteiner;4
Aquintus;4
Füchschen;4
Corona;4
Salvus;4
Schumacher;4
Sprite;4
Becks;4
Steinsieker;4
Vittel;4
Lillet;4
Malzbier;4
Erdinger;4
Jever;4
Pepsi;4
Rosbacher;4
Vitamalz;4
Coca Cola;4
Deit;4
Almdudler;4
Eis;4
Tyskie;4
Budweiser;4
Oktoberfest;4
Saft;4
Milch & Alternativen;4
Alkoholfrei;4
Landpark;4
Tee;4
Landpark Bio-Quelle;4
Spezi;4
Orangina;4
Rothaus;4
Apollinaris;4
Aperol;4
Stiftsquelle;4
Beck'S;4
Rhodius;4
Ginger;4
Glühwein;4
Mio Mio;4
Römerwall;4
;4
Sinalco;4
Mixkiste;4
Pülleken;4
Toilettenpapier;4
Granini;4
Adelholzener;4
Club-Mate;4
Schlüssel;4
Sekt;4
Störtebeker;4
Nürburg;4
Weißwein;4
Grevensteiner;4
Cola Light;4
Stauder;4
Gerri;4
Paulaner;4
Alpro;4
Mix;4
Prosecco;4
Lemonaid;4
Durstlöscher;4
Ginger Ale;4
Grolsch;4
Afri;4
Altbier;4
Club Mate;4
Jever Fun;4
Schloss;4
Van Nahmen;4
Viva Con Agua;4
Bluna;4
Flens;4
Oettinger;4
Bergische Waldquelle;4
Oatly;4
Cider;4
Helles;4
Kölsch;4
Berliner Luft;4
Kaffee & Tee;4
Monster;4
Redbull;4
Volvic Tee;4
Limo;4
Afri Cola;4
Beckers Bester;4
Bree;4
Rotwein;4
Schlossquelle;4
Charitea;4
Rhabarber;4
Bitter Lemon;4
Mönchshof;4
Fritz;5
Cola;5
Wasser;5
Bionade;5
Bismarck;5
Vilsa;5
Volvic;5
Astra;5
Mate;5
Bier;5
Tonic;5
Magnus;5
Milch;5
Deit;5
Fürst Bismarck;5
Klar;5
Alstertaler;5
Ratsherrn;5
Fritz-Kola;5
Hella;5
Viva Con Agua;5
Eistee;5
Fanta;5
Apfelsaft;5
Flensburger;5
Heineken;5
Cola Zero;5
Mio;5
Spezi;5
Coca-Cola;5
Carlsberg;5
Red Bull;5
Wein;5
Energy;5
Störtebeker;5
Durstlöscher;5
Jever;5
Pepsi;5
Fürst Bismarck Quell;5
Corona;5
Augustiner;5
Schweppes;5
Apfelschorle;5
Krombacher;5
Viva;5
Warsteiner;5
Holsten;5
Sprite;5
Coca Cola;5
Becks;5
Vio;5
Thomas Henry;5
Eiswürfel;5
Glucks;5
Malzbier;5
Erdinger;5
Orangensaft;5
Mio Mio;5
Lübzer;5
Zero;5
Gin;5
Mixkiste;5
Paulaner;5
Vitamalz;5
Sekt;5
Fritz Cola;5
Mix;5
Grevensteiner;5
Fassbrause;5
Lemonaid;5
Alkoholfrei;5
Oettinger;5
Sinalco;5
Aperol;5
Gösser;5
Eis;5
Kiezmische;5
Ginger;5
Ratsherren;5
Aera;5
Proviant;5
Cola Light;5
Saft;5
Minawa;5
Paulaner Spezi;5
Redbull;5
Fritz Kola;5
Budweiser;5
Charitea;5
Oktoberfest;5
Tegernseer;5
;5
Bismark;5
Milch & Alternativen;5
Veltins;5
Tee;5
Lillet;5
Radler;5
San Pellegrino;5
Viva Con Aqua;5
Weißwein;5
Glühwein;5
Bayreuther;5
Extaler;5
Cider;5
Viva Con;5
Honest;5
Almdudler;5
Beckers Bester;5
Rothaus;5
Apollinaris;5
Club Mate;5
Evian;5
Dithmarscher;5
Lipton;5
Volvic Tee;5
Bluna;5
Diet;5
Ginger Ale;5
Mezzo Mix;5
Iso;5
Beck'S;5
Prosecco;5
Vittel;5
Alster;5
Hafermilch;5
Berliner Luft;5
Club-Mate;5
Toilettenpapier;5
Bio;5
Wasser Still;5
Staatl. Fachingen;5
Störtebecker;5
Frische Brise;5
Oatly;5
Afri;5
Landpark;5
Tyskie;5
Duckstein;5
Bitburger;5
Bree;5
Schorle;5
Zuckerfrei;5
Afri Cola;5
Alpro;5
Franziskaner;5
Nordquell;5
Rotkäppchen;5
Tonic Water;5
Fiege;6
Cola;6
Wasser;6
Ardey;6
Volvic;6
Bionade;6
Bier;6
Stauder;6
Fritz;6
Klar;6
Astra;6
Fassbrause;6
Fanta;6
Krombacher;6
Milch;6
Veltins;6
Bergmann;6
Eistee;6
Mate;6
Rheinfels;6
Coca-Cola;6
Mio;6
Vitamalz;6
Pepsi;6
Kastell;6
Apfelschorle;6
Tonic;6
Aera;6
Schweppes;6
Energy;6
Cola Zero;6
Malzbier;6
Sinalco;6
Sprite;6
Warsteiner;6
Salvus;6
Engelbert;6
Radler;6
Deit;6
Gerri;6
Flensburger;6
Heineken;6
Durstlöscher;6
Glucks;6
Kronen;6
Grevensteiner;6
Spezi;6
Vio;6
Apfelsaft;6
Stiftsquelle;6
Oettinger;6
Hövels;6
Vilsa;6
Gösser;6
Proviant;6
Pülleken;6
Landpark;6
Hansa;6
Wein;6
Zero;6
Red Bull;6
Mio Mio;6
Lillet;6
Saft;6
Coca Cola;6
Mixkiste;6
Steinsieker;6
Bitburger;6
Minawa;6
Gin;6
Brinkhoff'S;6
Schloss Quelle;6
Corona;6
Fritz-Kola;6
Brinkhoffs;6
Landpark Bio-Quelle;6
Bluna;6
Erdinger;6
Rosbacher;6
Almdudler;6
Bad Meinberger;6
;6
San Pellegrino;6
Sekt;6
Mix;6
Orangensaft;6
Volvic Tee;6
Milch & Alternativen;6
Jever;6
Apollinaris;6
Malz;6
Orangina;6
Bree;6
Afri Cola;6
Toilettenpapier;6
Römerwall;6
Tee;6
Selters;6
Sinziger;6
Tyskie;6
Romberg;6
Aquintus;6
Glühwein;6
Limobier;6
Forstetal;6
Carolinen;6
Granini;6
Iso;6
Kaffee & Tee;6
Rhodius;6
Augustiner;6
Becks;6
Cola Light;6
Afri;6
Alkoholfrei;6
Ginger;6
Monster;6
Mineralwasser;6
Störtebeker;6
Paulaner Spezi;6
Limo;6
Vittel;6
Bio;6
Brohler;6
Paulaner;6
Schlossquelle;6
Eis;6
Alpro;6
Fiege Pils;6
Ginger Ale;6
Töftes;6
Dab;6
Cider;6
Mönchshof;6
Aperol;6
Helles;6
Oktoberfest;6
Burgwallbronn;6
Volvic Touch;6
Köstritzer;6
Lemonaid;6
Beckers Bester;6
Pepsi Max;6
Berliner Luft;6
Bierchen;6
Eiswürfel;6
Mezzo;6
Ouzo;6
Stifts;6
Ardey;7
Wasser;7
Cola;7
Bergmann;7
Bier;7
Volvic;7
Klar;7
Astra;7
Kronen;7
Fiege;7
Bionade;7
Fassbrause;7
Krombacher;7
Rheinfels;7
Mate;7
Pepsi;7
Coca-Cola;7
Milch;7
Durstlöscher;7
Vitamalz;7
Aera;7
Flensburger;7
Stauder;7
Eistee;7
Fanta;7
Hövels;7
Schweppes;7
Apfelschorle;7
Cola Zero;7
Salvus;7
Fritz;7
Sprite;7
Deit;7
Veltins;7
Hansa;7
Vilsa;7
Sinalco;7
Kastell;7
Radler;7
Tonic;7
Carolinen;7
Landpark;7
Apfelsaft;7
Glucks;7
Mio Mio;7
Malzbier;7
Proviant;7
Minawa;7
Zero;7
Corona;7
Brinkhoffs;7
Coca Cola;7
Mio;7
Störtebeker;7
Brinkhoff'S;7
Spezi;7
Vio;7
Heineken;7
Gerri;7
Selters;7
Steinsieker;7
Bluna;7
Emsland;7
Mix;7
Gösser;7
Warsteiner;7
Romberg;7
Rosbacher;7
Rossbacher;7
Grevensteiner;7
Pülleken;7
Mixkiste;7
Stiftsquelle;7
Iso;7
Potts;7
Jever;7
Oettinger;7
Landpark Bio-Quelle;7
Becks;7
Eis;7
Energy;7
Granini;7
Malz;7
Schloss Quelle;7
Bad Meinberger;7
Brohler;7
Cola Light;7
Köstritzer;7
Tyskie;7
Gin;7
Afri;7
Augustiner;7
Saft;7
Sekt;7
Stifts;7
Wein;7
Brinkhoff;7
Beck'S;7
Bio;7
Pepsi Max;7
Römerwall;7
Oktoberfest;7
Apollinaris;7
Kiezmische;7
Orangensaft;7
Red Bull;7
Töftes;7
Bitburger;7
Eiswürfel;7
Vittel;7
Volvic Tee;7
Zitrone;7
;7
Alpirsbacher;7
Dab;7
Diet;7
Kronen Export;7
Paulaner;7
Schöfferhofer;7
Arday;7
Becks Gold;7
Bree;7
Burgwallbronn;7
Erdinger;7
Fritz-Kola;7
Hugo;7
Spaten;7
Afri Cola;7
Forstetal;7
Hacker Pschorr;7
Milch & Alternativen;7
Paderborner;7
Alkoholfrei;7
Almdudler;7
Ginger;7
Glühwein;7
Thomas Henry;7
Wasser Still;7
Ardey Orange;7
Beckers Bester;7
Flens;7
Light;7
Mönchshof;7
San Pellegrino;7
Berliner Luft;7
Fass;7
Hofbräu;7
Lillet;7
Mix Kiste;7
Cola;8
Wasser;8
Volvic;8
Rheinfels;8
Bier;8
Eistee;8
Kastell;8
Bionade;8
Fanta;8
Klar;8
Fritz;8
Astra;8
Fassbrause;8
König Pilsener;8
Coca-Cola;8
Pepsi;8
Milch;8
Apfelschorle;8
Tonic;8
Cola Zero;8
Krombacher;8
Flensburger;8
Heineken;8
Schweppes;8
Energy;8
Römerwall;8
Vilsa;8
Aera;8
Sinalco;8
Durstlöscher;8
Bitburger;8
Malzbier;8
Deit;8
Schloss Quelle;8
Mate;8
Veltins;8
Aquintus;8
Salvus;8
König;8
Coca Cola;8
Spezi;8
Sprite;8
Zero;8
Apfelsaft;8
Red Bull;8
Radler;8
Corona;8
Vio;8
Minawa;8
Mio;8
Lillet;8
Wein;8
Landpark;8
Steinsieker;8
Stauder;8
Gin;8
San Pellegrino;8
Becks;8
Mio Mio;8
Warsteiner;8
Almdudler;8
Proviant;8
Fritz-Kola;8
Oettinger;8
Orangensaft;8
Gösser;8
Saft;8
Erdinger;8
Brohler;8
Vittel;8
Landpark Bio-Quelle;8
Gerri;8
Granini;8
Augustiner;8
Redbull;8
;8
Bluna;8
Glucks;8
Tegernseer;8
Iso;8
Sekt;8
Tee;8
Apollinaris;8
Bolten;8
Malz;8
Milch & Alternativen;8
Afri Cola;8
Eiswürfel;8
Paulaner Spezi;8
Mix;8
Orangina;8
Ginger;8
Jever;8
Bree;8
Volvic Tee;8
Mixkiste;8
Schlossquelle;8
Monster;8
Tyskie;8
Budweiser;8
Glühwein;8
Toilettenpapier;8
Ace;8
Beck'S;8
Selters;8
Vitamalz;8
Burgwallbronn;8
Oktoberfest;8
Paulaner;8
Stiftsquelle;8
Köpi;8
Adelholzener;8
Störtebeker;8
Evian;8
Kaffee & Tee;8
Mezzo Mix;8
Chips;8
Afri;8
Alkoholfrei;8
Ginger Ale;8
Grevensteiner;8
Leonie;8
Limo;8
Limobier;8
Pülleken;8
Pils;8
Die Limo;8
Rosbacher;8
Töftes;8
Cola Light;8
Diet;8
Feldschlösschen;8
Hugo;8
Lipton;8
Wasser Still;8
Grolsch;8
Jägermeister;8
Schloss;8
Füchschen;8
Mönchshof;8
Pepsi Max;8
Energie;8
Eis;8
Forstetal;8
Weißwein;8
Fiege;8
Lemonaid;8
Fass;8
San Miguel;8
Vilsa;9
Cola;9
Wasser;9
Fritz;9
Hemelinger;9
Bionade;9
Deit;9
Bier;9
Klar;9
Volvic;9
Mate;9
Eistee;9
Becks;9
Milch;9
Fanta;9
Tonic;9
Mineau;9
Vitamalz;9
Mio;9
Energy;9
Störtebeker;9
Spezi;9
Apfelsaft;9
Schweppes;9
Red Bull;9
Coca-Cola;9
Heineken;9
Haake Beck;9
Durstlöscher;9
Fassbrause;9
Fritz-Kola;9
Sprite;9
Pepsi;9
Saft;9
Apfelschorle;9
Beck'S;9
Cola Zero;9
Flensburger;9
Mio Mio;9
Corona;9
Coca Cola;9
Haake;9
Wein;9
Sinalco;9
;9
Orangensaft;9
Lillet;9
Mixkiste;9
Astra;9
Eiswürfel;9
Paulaner;9
Malzbier;9
Berliner Luft;9
Sekt;9
Gin;9
Krombacher;9
Augustiner;9
Minawa;9
Glucks;9
Zero;9
Jever;9
Bluna;9
Redbull;9
Milch & Alternativen;9
Mix;9
Mezzo Mix;9
Paulaner Spezi;9
Ginger;9
Malz;9
Tee;9
Glühwein;9
Proviant;9
Warsteiner;9
Bio;9
Oettinger;9
Union;9
Kaffee;9
Thomas Henry;9
Aera;9
Vio;9
Afri Cola;9
Gösser;9
Club Mate;9
Desperados;9
Extaler;9
Monster;9
Alkoholfrei;9
Chips;9
Granini;9
Störtebecker;9
Baileys;9
Bree;9
Emsland;9
Mineralwasser;9
Auenwald;9
Energie;9
Erdinger;9
Wodka;9
Eis;9
Grevensteiner;9
Ouzo;9
Radler;9
Afri;9
Cider;9
San Pellegrino;9
Cola Light;9
Veltins;9
Fritz Cola;9
Fritz Limo;9
Hugo;9
Maracuja;9
Zigaretten;9
Diet;9
Vodka;9
Havanna;9
Hella;9
Korn;9
Vita Malz;9
Ace;9
Aperol;9
Beckers;9
Mezzo;9
Extaler Mineralquell;9
Franziskaner;9
Bremer;9
Club-Mate;9
Kräusen;9
Volvic Tee;9
Zuckerfrei;9
Ginger Ale;9
Lesmona;9
Emsland Quelle;9
Köstritzer;9
Prosecco;9
Toilettenpapier;9
Alster;9
Kakao;9
Lipton;9
Pülleken;9
Tonic Water;9
Vivaris;9
Bacardi;9
Lemon;9
Martini;9
Mischkiste;9
Tyskie;9
Vilsa Limette;9
Vilsa Orange;9
Weißwein;9
Vilsa;10
Cola;10
Herrenhäuser;10
Wasser;10
Bionade;10
Volvic;10
Deit;10
Fritz;10
Extaler;10
Bier;10
Klar;10
Milch;10
Gilde;10
Tonic;10
Heineken;10
Fanta;10
Cola Zero;10
Coca-Cola;10
Eistee;10
Spezi;10
Mate;10
Pepsi;10
Krombacher;10
Fassbrause;10
Extaler Mineralquell;10
Mio;10
Bad Pyrmonter;10
Vitamalz;10
Apfelschorle;10
Apfelsaft;10
Energy;10
Astra;10
Sprite;10
Flensburger;10
Sawell;10
Coca Cola;10
Schweppes;10
Salvus;10
Fritz-Kola;10
Mio Mio;10
Gösser;10
Zero;10
Paulaner Spezi;10
Sinalco;10
Durstlöscher;10
Mixkiste;10
Orangensaft;10
Becks;10
Erdinger;10
Jever;10
Lindener;10
Augustiner;10
Corona;10
Red Bull;10
Störtebeker;10
Paulaner;10
Wein;10
Saft;10
Vio;10
Einbecker;10
Mix;10
Radler;10
Vittel;10
Glucks;10
Malzbier;10
Milch & Alternativen;10
Gin;10
Bluna;10
Lillet;10
Carolinen;10
Oettinger;10
Sekt;10
Tegernseer;10
Aera;10
Grevensteiner;10
Minawa;10
Veltins;10
Warsteiner;10
;10
Bayreuther;10
Thomas Henry;10
Alkoholfrei;10
Almdudler;10
Mineau;10
Beckers Bester;10
Eiswürfel;10
Cola Light;10
Wasser Still;10
Bad Harzburger;10
Aperol;10
Cider;10
Orangina;10
Budweiser;10
Franziskaner;10
San Pellegrino;10
Glühwein;10
Afri;10
Extertaler Mineralwasser;10
Oktoberfest;10
Afri Cola;10
Diet;10
Granini;10
Redbull;10
Volvic Tee;10
Ginger;10
Bree;10
Toilettenpapier;10
Fritz Cola;10
Iso;10
Vilsa Medium;10
Emsland;10
Ginger Ale;10
Tyskie;10
Berliner Luft;10
Club-Mate;10
Hasseröder;10
Tee;10
Carlsberg;10
Herren;10
Eis;10
Töftes;10
Weißwein;10
Chips;10
Staatl. Fachingen;10
Störtebecker;10
Spaten;10
Malz;10
Proviant;10
Adelholzener;10
Beckers;10
Kaffee & Tee;10
Lipton;10
Monster;10
Evian;10
Helles;10
Mischkiste;10
Mönchshof;10
Bio;10
Christinen;10
Club Mate;10
Fritz Kola;10
Volvic Touch;10
Forstetal;10
Pepsi Max;10
Desperados;10
Prosecco;10
Pülleken;10
Vodka;10
Beck'S;10
Wasser;11
Cola;11
Fassbrause;11
Volvic;11
Fritz;11
Klar;11
Kölsch;11
Bier;11
Bionade;11
Tonic;11
Mate;11
Aera;11
Milch;11
Cola Zero;11
Eistee;11
Flensburger;11
Rheinfels;11
Fanta;11
Reissdorf;11
Gösser;11
Mio;11
Apfelschorle;11
Zero;11
Apfelsaft;11
Astra;11
Steinsieker;11
Coca-Cola;11
Schweppes;11
Saft;11
Radler;11
Gaffel;11
Heineken;11
Vio;11
Proviant;11
Wein;11
Orangensaft;11
Sünner;11
Landpark;11
Bitburger;11
San Pellegrino;11
Gin;11
Vilsa;11
Dreiser;11
Kastell;11
Minawa;11
Früh;11
Mix;11
Pepsi;11
Sprite;11
Coca Cola;11
Bluna;11
Energy;11
Malzbier;11
Becks;11
Deit;11
Fritz-Kola;11
Lillet;11
Landpark Bio-Quelle;11
Rhodius;11
Selters;11
Vittel;11
Gerri;11
Erdinger;11
Red Bull;11
Apollinaris;11
Corona;11
Mixkiste;11
Schreckenskammer;11
Bergische Waldquelle;11
Mio Mio;11
Nürburg;11
Spezi;11
Augustiner;11
Eiswürfel;11
Alkoholfrei;11
Glucks;11
Budweiser;11
Lömmelömm;11
Vitamalz;11
;11
Aquintus;11
Krombacher;11
Milch & Alternativen;11
Ginger;11
Eis;11
Aperol;11
Tyskie;11
Almdudler;11
Mühlen;11
Orangina;11
Tee;11
Oettinger;11
Rosbacher;11
Pülleken;11
Vulkanius;11
Sinalco;11
Jever;11
Töftes;11
Cola Light;11
Kölsches Wasser;11
Evian;11
Sekt;11
Reisdorf;11
Schloss Quelle;11
Viva Con Agua;11
Störtebeker;11
Oktoberfest;11
Durstlöscher;11
St. Leonhards Quelle;11
Paulaner;11
Afri;11
Charitea;11
Volvic Tee;11
Club-Mate;11
Tegernseer;11
Glühwein;11
Limo;11
Thomas Henry;11
Afri Cola;11
Veltins;11
Vulkan;11
Hofbräu;11
Leffe;11
Alpro;11
Bio;11
Adelholzener;11
Brewdog;11
Grevensteiner;11
Ginger Ale;11
Weißwein;11
Flens;11
Paulaner Spezi;11
Malz;11
Beck'S;11
Redbull;11
Römerwall;11
Stiftsquelle;11
Chips;11
Toilettenpapier;11
Iso;11
Warsteiner;11
Fass;11
Rothaus;11
Club Mate;11
Wasser Still;11
Zigaretten;11
Brohler;11
Cider;11
Peters;11
Stauder;12
Cola;12
Wasser;12
Fiege;12
Volvic;12
Kastell;12
Bier;12
Bionade;12
Stiftsquelle;12
Fassbrause;12
Fritz;12
Fanta;12
Eistee;12
Veltins;12
Aera;12
Schloss Quelle;12
Milch;12
Klar;12
Rheinfels;12
Astra;12
Schweppes;12
Tonic;12
Krombacher;12
Cola Zero;12
Deit;12
Coca-Cola;12
Malzbier;12
Apfelschorle;12
Pepsi;12
Mio;12
Radler;12
Gerri;12
Energy;12
Corona;12
Mate;12
Sinalco;12
Durstlöscher;12
Flensburger;12
Proviant;12
Spezi;12
Minawa;12
Heineken;12
Vilsa;12
Zero;12
Sprite;12
Bierchen;12
Apfelsaft;12
Brohler;12
Tut Gut;12
Coca Cola;12
Landpark;12
Warsteiner;12
Fritz-Kola;12
Schlossquelle;12
Red Bull;12
Lillet;12
Salvus;12
Wein;12
Oettinger;12
Gösser;12
Mio Mio;12
Bluna;12
Glühwein;12
Mixkiste;12
Augustiner;12
Glucks;12
Jever;12
Grevensteiner;12
Bitburger;12
Erdinger;12
Vio;12
Paulaner;12
Saft;12
Orangensaft;12
Gin;12
Bree;12
Apollinaris;12
Becks;12
Vitamalz;12
Landpark Bio-Quelle;12
Mix;12
Toilettenpapier;12
Almdudler;12
Tegernseer;12
;12
Tyskie;12
Alkoholfrei;12
Sekt;12
Oktoberfest;12
Schloss;12
Rosbacher;12
Afri Cola;12
Granini;12
Tee;12
Hansa;12
Störtebeker;12
Iso;12
Milch & Alternativen;12
Vittel;12
Steinsieker;12
Cola Light;12
Römerwall;12
San Pellegrino;12
Ginger;12
Pülleken;12
Chips;12
Ginger Ale;12
Desperados;12
Kaffee;12
Paulaner Spezi;12
Hugo;12
Volvic Tee;12
Limobier;12
Orangina;12
Burgwallbronn;12
Selters;12
Sirup;12
Afri;12
Weißwein;12
Monster;12
Diet;12
Eiswürfel;12
Volvic Touch;12
Pils;12
Evian;12
Beckers Bester;12
Malz;12
Vodka;12
Lipton;12
Engelbert;12
Eis;12
Mezzo Mix;12
Bitter Lemon;12
Fritz Cola;12
Zitrone;12
Bio;12
Fiege Pils;12
Jägermeister;12
König;12
Aperol;12
Töftes;12
Waldmeister;12
Alpro;12
Berliner Luft;12
König Pilsener;12
Charitea;12
Emsland;12
Hofbräu;12
Schwip Schwap;12
Wasser;13
Cola;13
Volvic;13
Bitburger;13
Rheinfels;13
Bolten;13
Aera;13
Bier;13
Fassbrause;13
Fanta;13
Eistee;13
Coca-Cola;13
Fritz;13
Bionade;13
Cola Zero;13
Milch;13
Energy;13
Klar;13
Heineken;13
Apfelschorle;13
Tonic;13
Radler;13
Astra;13
San Pellegrino;13
Schweppes;13
Flensburger;13
Pepsi;13
Oktoberfest;13
Sprite;13
Spezi;13
Deit;13
Vilsa;13
Red Bull;13
Römerwall;13
Zero;13
Gösser;13
Wein;13
Apfelsaft;13
Corona;13
Durstlöscher;13
Coca Cola;13
Oettinger;13
Mate;13
Krombacher;13
Proviant;13
Fritz-Kola;13
Minawa;13
Mio;13
Vio;13
Tegernseer;13
Kastell;13
Aquintus;13
Augustiner;13
Malzbier;13
Glucks;13
Sinalco;13
Oktoberfestbier;13
Lillet;13
Paulaner;13
Nürburg;13
Gin;13
Vitamalz;13
Iso;13
;13
Orangensaft;13
Steinsieker;13
Mio Mio;13
Veltins;13
Almdudler;13
Alkoholfrei;13
Orangina;13
Gerri;13
Pülleken;13
Warsteiner;13
Jever;13
Erdinger;13
Schloss Quelle;13
Paulaner Spezi;13
Salvus;13
Sekt;13
Bluna;13
Hugo;13
Eiswürfel;13
Grevensteiner;13
Monster;13
Tyskie;13
Landpark;13
Mixkiste;13
Vittel;13
Granini;13
Milch & Alternativen;13
Saft;13
Becks;13
Beck'S;13
Brohler;13
Mineralwasser;13
Desperados;13
Wasser Still;13
Toilettenpapier;13
Bree;13
Die Limo;13
Evian;13
Hofbräu;13
Mix;13
Burgwallbronn;13
Ginger Ale;13
Limo;13
Rhodius;13
Eis;13
Kölsch;13
Felsensteiner;13
Tee;13
Volvic Tee;13
Glühwein;13
Pils;13
Ginger;13
Kaffee & Tee;13
Leonie;13
Ouzo;13
Redbull;13
Störtebeker;13
Töftes;13
Budweiser;13
Diet;13
Energie;13
Franziskaner;13
Malz;13
Mezzo Mix;13
Van Nahmen;13
Rosbacher;13
Volvic Touch;13
Chips;13
Hacker Pschorr;13
Cola Light;13
Weißwein;13
Afri;13
Afri Cola;13
Bio;13
Pellegrino;13
Coca Cola Zero;13
Mönchshof;13
Wasser Medium;13
Apollinaris;13
Kakao;13
Bitter Lemon;13
Limobier;13
Schlossquelle;13
Sprudel;13
Cola;14
Wasser;14
Stauder;14
Kastell;14
Volvic;14
Bier;14
Fanta;14
Eistee;14
Rheinfels;14
Fassbrause;14
Veltins;14
Sprite;14
Fritz;14
Pepsi;14
Milch;14
Astra;14
Schloss Quelle;14
Bionade;14
Klar;14
Cola Zero;14
Malzbier;14
Coca-Cola;14
Krombacher;14
Apfelschorle;14
Deit;14
Energy;14
Mio;14
Schweppes;14
Corona;14
Aera;14
Durstlöscher;14
Sinalco;14
Radler;14
Flensburger;14
Tonic;14
Stiftsquelle;14
Zero;14
Brohler;14
Minawa;14
König Pilsener;14
Vilsa;14
Wein;14
Spezi;14
Coca Cola;14
Fiege;14
Salvus;14
Lillet;14
Red Bull;14
Landpark;14
Heineken;14
Warsteiner;14
Mio Mio;14
Mate;14
Bitburger;14
Fritz-Kola;14
Schlossquelle;14
Raffelberger;14
Bluna;14
Oettinger;14
Chips;14
König;14
Vio;14
Gerri;14
Vitamalz;14
;14
Augustiner;14
Tee;14
Becks;14
Gösser;14
Grevensteiner;14
Erdinger;14
Proviant;14
Römerwall;14
Sekt;14
Afri;14
Almdudler;14
Apfelsaft;14
Mixkiste;14
Gin;14
Tut Gut;14
Monster;14
Tyskie;14
Bree;14
Cola Light;14
Malz;14
Glucks;14
Rosbacher;14
Volvic Tee;14
Saft;14
Toilettenpapier;14
Limobier;14
Landpark Bio-Quelle;14
Mix;14
Pülleken;14
Afri Cola;14
Jever;14
Orangensaft;14
Redbull;14
Schloss;14
Störtebeker;14
Eis;14
Granini;14
Iso;14
Milch & Alternativen;14
Steinsieker;14
Maybach;14
Ginger;14
Paulaner;14
San Pellegrino;14
Desperados;14
Paulaner Spezi;14
Bierchen;14
Hansa;14
Diet;14
Vittel;14
Budweiser;14
Hugo;14
Glühwein;14
Kastel;14
Orangina;14
Fritz Cola;14
Ginger Ale;14
Töftes;14
Jägermeister;14
Köstritzer;14
Oktoberfest;14
V+;14
Beck'S;14
Mineralwasser;14
Wasser Still;14
Alkoholfrei;14
Grolsch;14
Lipton;14
Chivas;14
Zitrone;14
Limo;14
Selters;14
Berliner Luft;14
Kaffee & Tee;14
Vodka;14
Leonie;14
Mezzo Mix;14
Apollinaris;14
Aquintus;14
Eiswürfel;14
Forstetal;14
Volvic Touch;14
Black;14
Kakao;14
Cola;15
Wasser;15
Volvic;15
Lichtenauer;15
Mate;15
Bier;15
Milch;15
Sternburg;15
Vita Cola;15
Bionade;15
Tonic;15
Fritz;15
Mio;15
Gösser;15
Vita;15
Ur Krostitzer;15
Fanta;15
Radler;15
Budweiser;15
Astra;15
Eistee;15
Mio Mio;15
Klar;15
Energy;15
Mixkiste;15
Pepsi;15
Spezi;15
Bad Liebenwerda;15
Apfelsaft;15
Becks;15
Saft;15
Urkrostitzer;15
Glühwein;15
Altenburger;15
Red Bull;15
Schweppes;15
Coca Cola;15
Ginger Ale;15
Gaensefurther;15
Wein;15
Carlsberg;15
Lübzer;15
Sprite;15
Freiberger;15
Radeberger;15
Störtebeker;15
Club Mate;15
Apfelschorle;15
Gin;15
Heineken;15
Ileburger;15
Augustiner;15
Tee;15
Ur;15
Deit;15
Ur-Krostitzer;15
Mixery;15
Sachsenquelle;15
Coca-Cola;15
Zero;15
Krombacher;15
Ileburger Sachsenquelle;15
Mix;15
Alkoholfrei;15
Mönchshof;15
Jever;15
Sekt;15
Margon;15
Orangensaft;15
Flensburger;15
Milch & Alternativen;15
Paulaner Spezi;15
Paulaner;15
Oktoberfest;15
Glucks;15
Bitburger;15
Volvic Tee;15
Hasseröder;15
Fassbrause;15
Club-Mate;15
Wicküler;15
;15
Fritz-Kola;15
Almdudler;15
Corona;15
Bayreuther;15
Rotkäppchen;15
Tee Ole;15
Vio;15
Limo;15
Rothaus Zäpfle;15
Durstlöscher;15
Mio Mate;15
Köstritzer;15
Ginger;15
Krostitzer;15
Sinalco;15
Cola Zero;15
Lillet;15
Aera;15
Spaten;15
Illeburger;15
Pilsner Urquell;15
Proviant;15
Cider;15
Sachsen Quelle;15
Vilsa;15
Schwarzbier;15
Eis;15
Aperol;15
Beck'S;15
Bluna;15
Granini;15
Sanft;15
Afri Cola;15
Bad Brambacher;15
Feldschlösschen;15
Toilettenpapier;15
Gänsefurther;15
Himbeer;15
Malzbier;15
Merkur;15
Rothaus;15
Tyskie;15
Vittel;15
Zuckerfrei;15
Jever Fun;15
Rum;15
San Pellegrino;15
Ur Krostizer;15
Veltins;15
Büble;15
Bio;15
Thomas Henry;15
Holsten;15
Volvic Touch;15
Wasser Still;15
Sachsen;15
Vodka;15
Oettinger;15
Brause;15
Fritz Cola;15
Holunder;15
Mischkiste;15
Störtebecker;15
Warsteiner;15
Chips;15
Fritz Limo;15
Gessner;15
Cola;16
Mate;16
Wasser;16
Lichtenauer;16
Volvic;16
Milch;16
Bier;16
Bionade;16
Feldschlösschen;16
Tonic;16
Oppacher;16
Sternburg;16
Fritz;16
Margon;16
Radler;16
Budweiser;16
Eistee;16
Astra;16
Energy;16
Bad Liebenwerda;16
Carlsberg;16
Freiberger;16
Mio;16
Glühwein;16
Landskron;16
Fanta;16
Spezi;16
Radeberger;16
Hasseröder;16
Klar;16
Feldschlößchen;16
Ginger Ale;16
Mixkiste;16
Vita Cola;16
Saft;16
Deit;16
Jever;16
Störtebeker;16
Pepsi;16
Apfelsaft;16
Augustiner;16
Heineken;16
Becks;16
Apfelschorle;16
Red Bull;16
Vita;16
Proviant;16
Gin;16
Coca-Cola;16
Wein;16
Club Mate;16
Flensburger;16
Schweppes;16
Lübzer;16
Oktoberfest;16
Zero;16
Lohrmanns;16
Mio Mio;16
Gaensefurther;16
Krombacher;16
Paulaner Spezi;16
Coca Cola;16
Sekt;16
Fritz-Kola;16
Mix;16
Sprite;16
Almdudler;16
Paulaner;16
Orangensaft;16
Tee;16
Störtebecker;16
Pilsner Urquell;16
Club-Mate;16
Spaten;16
Corona;16
Gösser;16
Oettinger;16
Warsteiner;16
Büble;16
Durstlöscher;16
Rothaus;16
Lillet;16
Milch & Alternativen;16
Wicküler;16
Ginger;16
Mönchshof;16
Cider;16
Porter;16
Bayreuther;16
Cola Zero;16
Duckstein;16
Volvic Tee;16
;16
Fassbrause;16
Alkoholfrei;16
Tyskie;16
Limo;16
Sternburg Export;16
Bad Brambacher;16
Karamalz;16
Malzbier;16
Mixery;16
Altenburger;16
Volvic Touch;16
Aperol;16
Brause;16
Vio;16
Zuckerfrei;16
Rotkäppchen;16
Tegernseer;16
Wasser Still;16
Alpro;16
Eis;16
Grapefruit;16
Kölsch;16
Oberlausitzer;16
Urkrostitzer;16
Aera;16
Staropramen;16
Erdinger;16
Granini;16
Ur Krostitzer;16
Vittel;16
Sirup;16
Die Limo;16
Eibauer;16
Mango;16
Monster;16
Hofbräu;16
Köstritzer;16
Sternburger;16
Bio;16
Bitburger;16
Glucks;16
Holsten;16
Jever Light;16
Mischkiste;16
Selters;16
Ur;16
Bluna;16
Cola Light;16
Gessner;16
Kaffee & Tee;16
San Pellegrino;16
Sanft;16
Toilettenpapier;16
Wernesgrüner;16
Beck'S;16
Breznak;16
Carolinen;17
Cola;17
Wasser;17
Fritz;17
Warsteiner;17
Merkur;17
Bier;17
Bionade;17
Vilsa;17
Mate;17
Krombacher;17
Deit;17
Heineken;17
Fanta;17
Herforder;17
Volvic;17
Pepsi;17
Energy;17
Eistee;17
Sinalco;17
Fassbrause;17
Aktion;17
Astra;17
Veltins;17
Red Bull;17
Klar;17
Becks;17
Flensburger;17
Tonic;17
Milch;17
Hohenfelder;17
Christinen;17
Corona;17
Glucks;17
Sprite;17
Limoment;17
Fritz-Kola;17
Vitamalz;17
Gösser;17
Spezi;17
Club Mate;17
;17
Mio;17
Schweppes;17
Paulaner;17
Apfelschorle;17
Bluna;17
Oettinger;17
Steinsieker;17
Augustiner;17
Grevensteiner;17
Almdudler;17
Wein;17
Oktoberfest;17
Störtebeker;17
Durstlöscher;17
Apfelsaft;17
Coca Cola;17
Detmolder;17
Mio Mio;17
Aera;17
Salvus;17
Bad Pyrmonter;17
Bree;17
Radler;17
Coca-Cola;17
Cola Zero;17
Forstetal;17
Tegernseer;17
Angebot;17
Beck'S;17
Lillet;17
Fritz Cola;17
Gin;17
Mönchshof;17
Plose;17
Saft;17
Malz;17
Proviant;17
Zero;17
Limobier;17
Malzbier;17
Paderborner;17
Erdinger;17
Havanna;17
Aperol;17
Cider;17
Desperados;17
Vio;17
Afri;17
Iso;17
Jever;17
Mineralwasser;17
Salitos;17
Spaten;17
Fritz Kola;17
Tee;17
Vodka;17
Kaffee & Tee;17
Barre;17
Eis;17
Monster;17
Redbull;17
Rheinfels;17
Jack Daniels;17
Budweiser;17
Effect;17
Sekt;17
Carolin;17
Pülleken;17
Zigaretten;17
Fass;17
Hugo;17
Bayreuther;17
Club-Mate;17
Carolinen Classic;17
Diet;17
Ginger;17
Glühwein;17
Orangensaft;17
San Pellegrino;17
Adelholzener;17
Alkoholfrei;17
Chips;17
Flens;17
De Buur;17
Ginger Ale;17
Jägermeister;17
Paulaner Spezi;17
Schneider;17
Tyskie;17
Angebote;17
Bitburger;17
Mix;17
Vittel;17
Mezzo Mix;17
Schöfferhofer;17
Apollinaris;17
Flutlicht;17
Hohes C;17
Limette;17
Limo;17
Lütts;17
Lütts Landlust;17
Vita;17
Afri Cola;17
Apfelsinchen;17
Berliner Luft;17
Grapefruit;17
Cola;18
Wasser;18
Ardey;18
Krombacher;18
Volvic;18
Bier;18
Bionade;18
Bergmann;18
Klar;18
Fanta;18
Fassbrause;18
Aera;18
Astra;18
Eistee;18
Kronen;18
Milch;18
Fritz;18
Vitamalz;18
Apfelschorle;18
Coca-Cola;18
Pepsi;18
Schweppes;18
Cola Zero;18
Rheinfels;18
Salvus;18
Flensburger;18
Forstetal;18
Brinkhoff'S;18
Heineken;18
Energy;18
Radler;18
Sprite;18
Veltins;18
Durstlöscher;18
Kastell;18
Mate;18
Oettinger;18
Deit;18
Vio;18
Warsteiner;18
Malzbier;18
Fiege;18
Bad Meinberger;18
Tonic;18
Corona;18
Sinalco;18
Lillet;18
Spezi;18
Vilsa;18
Brinkhoffs;18
Mio;18
Carolinen;18
Red Bull;18
Zero;18
Hövels;18
Tyskie;18
Apfelsaft;18
Glucks;18
Pülleken;18
Gerri;18
Apollinaris;18
Gösser;18
Rosbacher;18
Landpark;18
Proviant;18
Potts;18
Romberg;18
Bluna;18
Wein;18
;18
Mio Mio;18
Coca Cola;18
Töftes;18
Minawa;18
Grevensteiner;18
Iso;18
Erdinger;18
Jever;18
Limobier;18
Saft;18
Mix;18
Fritz-Kola;18
Almdudler;18
Steinsieker;18
Brohler;18
Orangensaft;18
San Pellegrino;18
Tee;18
Afri;18
Bree;18
Augustiner;18
Granini;18
Volvic Tee;18
Desperados;18
Schloss Quelle;18
Alkoholfrei;18
Malz;18
Mixkiste;18
Paulaner Spezi;18
Afri Cola;18
Römerwall;18
Selters;18
Glühwein;18
Stauder;18
Störtebeker;18
Paderborner;18
Ace;18
Landpark Bio-Quelle;18
Gin;18
Monster;18
Redbull;18
Berliner Luft;18
Tegernseer;18
Diet;18
Hansa;18
Toilettenpapier;18
Bitburger;18
Chips;18
Paulaner;18
Stifts;18
Becks;18
Burgwallbronn;18
Limo;18
Eis;18
Vittel;18
Pott'S;18
Volvic Touch;18
Mezzo Mix;18
Pepsi Max;18
Kaffee & Tee;18
Köstritzer;18
Stiftsquelle;18
Aquintus;18
Bio;18
Cola Light;18
Rotkäppchen;18
Brinkhoff;18
Milch & Alternativen;18
Oktoberfest;18
Zitrone;18
Jägermeister;18
Vodka;18
Fass;18
Mineralwasser;18
Pils;18
Beck'S;18
Ginger;18
Hella;18
Hugo;18
Wasser;19
Cola;19
Hassia;19
Volvic;19
Bionade;19
Apfelwein;19
Elisabethen;19
Bier;19
Elisabethen Quelle;19
Selters;19
Tonic;19
Milch;19
Rosbacher;19
Azur;19
Mate;19
Fritz;19
Eistee;19
Bizzl;19
Aera;19
Klar;19
Heineken;19
Spezi;19
Cola Zero;19
Fanta;19
Coca-Cola;19
Schweppes;19
Augustiner;19
Apfelsaft;19
Zero;19
Red Bull;19
Tegernseer;19
Apfelschorle;19
Mio;19
Wein;19
Becks;19
Milch & Alternativen;19
Karamalz;19
Vittel;19
San Pellegrino;19
Orangensaft;19
Flensburger;19
Radler;19
Rhön;19
Bitburger;19
Minawa;19
Vio;19
Gin;19
Adelholzener;19
Mischkiste;19
;19
Glucks;19
Aperol;19
Licher;19
Astra;19
Durstlöscher;19
Energy;19
Oktoberfest;19
Tee;19
Coca Cola;19
Rapps;19
Redbull;19
Sprite;19
Orangina;19
Rossbacher;19
Eis;19
Paulaner;19
Pepsi;19
Alkoholfrei;19
Ginger;19
Jever;19
Mio Mio;19
Orion;19
Fritz-Kola;19
Q4;19
Büble;19
Warsteiner;19
Eiswürfel;19
Evian;19
Fassbrause;19
Saft;19
Almdudler;19
Rapp'S;19
Deit;19
Bluna;19
Corona;19
Odenwaldquelle;19
Rothaus;19
Alpro;19
Lillet;19
Mixkiste;19
Rhön Sprudel;19
Sekt;19
Binding;19
Iso;19
Krombacher;19
Toilettenpapier;19
Proviant;19
Rhönsprudel;19
St. Leonhards Quelle;19
Störtebeker;19
Elisabeth;19
Rotwein;19
Schlappeseppel;19
Cola Light;19
Bio;19
Paulaner Spezi;19
Possmann;19
Black Forest;19
Lemonaid;19
Beck'S;19
Malzbier;19
Naturparkquelle;19
Club Mate;19
Oettinger;19
Thomas Henry;19
Ginger Ale;19
Hassia Still;19
Schlappe;19
Zuckerfrei;19
Wasser Still;19
Erdinger;19
Bayreuther;19
Glühwein;19
Gösser;19
Kaffee & Tee;19
Tegernsee;19
Granini;19
Töftes;19
Veltins;19
Helles;19
Mix;19
Prosecco;19
Sinalco;19
Chips;19
Club-Mate;19
Tonic Water;19
Vilsa;19
Heilwasser;19
Landpark;19
Monster;19
Volvic Tee;19
Köstritzer;19
Arcobräu;19
Oatly;19
Berliner Luft;19
Hafermilch;19
Odenwald;19
Teegetränke;19
Apollinaris;19
Augustiner;20
Adelholzener;20
Spezi;20
Giesinger;20
Tegernseer;20
Wasser;20
Cola;20
Volvic;20
Paulaner Spezi;20
Tonic;20
Bier;20
Bionade;20
Oktoberfest;20
Milch;20
Mate;20
Red Bull;20
Eistee;20
Franziskaner;20
Paulaner;20
Adelholzner;20
Gin;20
Fanta;20
Cola Zero;20
Lammsbräu;20
Aperol;20
Radler;20
Tegernsee;20
Gösser;20
Zero;20
Coca-Cola;20
San Pellegrino;20
Oktoberfestbier;20
Wolfra;20
Coca Cola;20
Schweppes;20
Energy;20
Fritz;20
Almdudler;20
Oettinger;20
Wein;20
Klar;20
Deit;20
Mio;20
Hopf;20
Eis;20
Eiswürfel;20
Apfelsaft;20
Schneider;20
Helles;20
Chiemseer;20
Ginger;20
Aera;20
;20
Alkoholfrei;20
Prosecco;20
Saft;20
Karamalz;20
Plose;20
Redbull;20
Apfelschorle;20
Edelstoff;20
Fass;20
Cider;20
Ayinger;20
Neumarkter Lammsbräu;20
Mio Mio;20
Sekt;20
Heineken;20
Corona;20
Erdinger;20
Maxl;20
Durstlöscher;20
Flötzinger;20
Hacker;20
Vittel;20
Cola Light;20
Orangensaft;20
Zigaretten;20
Leicht;20
Jever;20
Lillet;20
Pepsi;20
Pfand;20
Adelholzener Sanft;20
Glühwein;20
Milch & Alternativen;20
Vio;20
Sprite;20
Club Mate;20
Grapefruit;20
Andechser;20
Astra;20
Hacker Pschorr;20
Pülleken;20
Unertl;20
Evian;20
Ginger Beer;20
Club-Mate;20
St. Leonhards Quelle;20
Mango;20
Becks;20
Flensburger;20
Bluna;20
Orangina;20
Champagner;20
Mix;20
Afri Cola;20
Chips;20
Frankenbrunnen;20
Lugana;20
Sinalco;20
Tonic Water;20
Bleib In Form;20
Alpro;20
Schönramer;20
Charitea;20
Coca Cola Zero;20
Primitivo;20
Ginger Ale;20
Glucks;20
Adelholz;20
Berliner Luft;20
Desperados;20
Afri;20
Hugo;20
Warsteiner;20
Augustiner Hell;20
Lauretana;20
Volvic Tee;20
August;20
Heilwasser;20
Mixkiste;20
Bio;20
Leonhard;20
Rotwein;20
Sirup;20
Thomas Henry;20
Aqua Monaco;20
Chiemsee;20
Mezzo Mix;20
Becher;20
Hofbräu;20
Kaffee & Tee;20
Störtebeker;20
Adelholzener Naturell;20
Beck'S;20
Limo;20
Monster;20
Schorle;20
Wasser;21
Wolters;21
Cola;21
Bier;21
Jever;21
Coca Cola;21
Spezi;21
Bundaberg;21
Vilsa;21
;21
Apfelschorle;21
Becks;21
Berliner Luft;21
Braunschweig;21
Don Papa;21
Extaler;21
Fassreiter;21
Fritz;21
Gösser;21
Krombacher;21
Lütts Landlust;21
Proviant;21
San Pellegrino;21
Siku;21
Tegernseer;21
Veltins;21
Volvic;21
Wolters Pilsener;21
2018 Spätburgunder Trocken;21
38102;21
38448;21
Allgäu;21
Apfelsaft;21
Apfelsaftschorle;21
Apollinaris;21
Astra;21
Augustiner;21
Bacardi;21
Bad Harzburger;21
Baileys Apple Pie;21
Binding Radler;21
Binding Radler Naturtrüb;21
Biozisch;21
Blac;21
Blancet;21
Borbon Whisky;21
Brew Dog;21
Brinkhoffs;21
Budweiser;21
Carlsberg;21
Carolinen;21
Christinen;21
Club Mate;21
Cola Chiba;21
Desperados;21
Dornfelder;21
Eitinger;21
Fassbrause;21
Flensburger;21
Forstal;21
Franziskaner;21
Fritz Kola;21
Fritzcola;21
Früh Kölsch;21
Gaensefurter Wasser;21
Gähnsefurter;21
Gänsehirten;21
Halbtrockene Weißweine;21
Haribo;21
Hariri;21
Hasseröder;21
Hefeweizen;21
Husumer Wasser;21
Ipa;21
Jack Daniel;21
Jacob Hell;21
Jerrys;21
Kaffee;21
Kölsch;21
Kombacher;21
König Pilsener;21
Kräuterziege;21
Krom;21
Kromb;21
Laretana;21
Lauretana;21
Leffe;21
Limoment;21
Limonchello;21
Lüpser;21
Mahou;21
Malzbier;21
Martini;21
Mathe Schreibblock;21
Mia;21
Milch;21
Mineralwasser;21
Mönchshof;21
Monkey 47 Gin;21
Naturkäserei Tegernseerland;21
Oettinger;21
Officers Choice Whisky;21
Orangensaft;21
Orangina;21
O-Saft;21
Pepsi;21
Peroni;21
Punk;21
Radeberger;21
Radler;21
Regensteiner;21
Rose;21
Rosé;21
Rote Heidi;21
Rotwein;21
Rum;21
Saft;21
Sauv;21
Schlüssel;21
Schweppes;21
Sion;21
Snacks;21
Spätburgunder Trocken;21
Stiegl;21
Stilles Wasser;21
Sünner Limoncello;21
Tanqueray;21
Tegern;21
Tonic Water;21
Uniom;21
Union;21
Vita Cola;21
Vitamalz;21
Vittel;21
Viva;21
Viva Con Agua;21
Vodka;21
Volvic Touch Zero;21
Warsteiner;21
Wasser Still;21
Wasser Vilsa;21
Wermuth;21
Whisky;21
Wolters O, 5Lie;21
Cola;22
Wasser;22
Bier;22
Volvic;22
Eistee;22
Fritz;22
Bionade;22
Fassbrause;22
Klar;22
Fanta;22
Coca-Cola;22
Rheinfels;22
Astra;22
Tonic;22
Schweppes;22
Flensburger;22
Milch;22
Haaner Felsenquelle;22
Haaner;22
Malzbier;22
Energy;22
Mate;22
Heineken;22
Apfelschorle;22
Gösser;22
Cola Zero;22
Radler;22
Tyskie;22
Zero;22
Sinziger;22
Vitamalz;22
Aera;22
Pepsi;22
Veltins;22
Krombacher;22
Tegernseer;22
Kastell;22
Deit;22
Kölsch;22
Warsteiner;22
Oettinger;22
Red Bull;22
Augustiner;22
Vio;22
Corona;22
Proviant;22
Fritz-Kola;22
Apfelsaft;22
Bitburger;22
Coca Cola;22
Spezi;22
Almdudler;22
Mio Mio;22
;22
Vilsa;22
Oktoberfest;22
Wein;22
Füchschen;22
Lillet;22
Schloss Quelle;22
Winterbier;22
Erdinger;22
Mio;22
Sprite;22
Becks;22
Orangina;22
San Pellegrino;22
Bolten;22
Evian;22
Paulaner;22
Steinsieker;22
Weihnachtsbier;22
Apollinaris;22
Gin;22
Römerwall;22
Schumacher;22
Jever;22
Orangensaft;22
Vittel;22
Glucks;22
Tee;22
Selters;22
Aquintus;22
Grevensteiner;22
Sünner;22
Bergische Waldquelle;22
Monster;22
Gerri;22
Minawa;22
Redbull;22
Sinalco;22
Mixkiste;22
Pülleken;22
Nürburg;22
Kölsches Wasser;22
Alkoholfrei;22
Granini;22
Milch & Alternativen;22
Landpark;22
Störtebeker;22
Salvus;22
Winterbock;22
Hofbräu;22
Kaffee & Tee;22
Landpark Bio-Quelle;22
Malz;22
Afri Cola;22
Bluna;22
Reissdorf;22
Budweiser;22
Saft;22
Volvic Tee;22
Limo;22
Töftes;22
Toilettenpapier;22
Adelholzener;22
Iso;22
Pils;22
Mezzo Mix;22
Desperados;22
Eiswürfel;22
Leonie;22
Mix;22
Schlossquelle;22
Glühwein;22
Durstlöscher;22
Büble;22
Eis;22
Sekt;22
Bree;22
Rosbacher;22
Fass;22
Früh;22
Chips;22
Hugo;22
Mönchshof;22
Stauder;22
Zuckerfrei;22
Aperol;22
Gerol;22
Ginger;22
Pfanner;22
Wasser Still;22
Rothaus;22
Thomas Henry;22
Altbier;22
Cider;22
Die Limo;22
Cola;23
Wasser;23
Stauder;23
Volvic;23
Veltins;23
Fiege;23
Bier;23
Krombacher;23
Fassbrause;23
Klar;23
Eistee;23
Rheinfels;23
Fanta;23
Astra;23
Bionade;23
Salvus;23
Coca-Cola;23
Pepsi;23
Energy;23
Fritz;23
Milch;23
Stiftsquelle;23
Kastell;23
Apfelschorle;23
Malzbier;23
Oettinger;23
Warsteiner;23
Vitamalz;23
Zero;23
Deit;23
Steinsieker;23
Flensburger;23
Schweppes;23
Sinalco;23
Durstlöscher;23
Cola Zero;23
Spezi;23
Bad Meinberger;23
Heineken;23
Mio;23
Landpark;23
Brohler;23
Red Bull;23
Sprite;23
Lillet;23
Vilsa;23
Ardey;23
Radler;23
Gerri;23
Engelbert;23
Tonic;23
Aera;23
Coca Cola;23
Corona;23
Glucks;23
Paderborner;23
Schloss Quelle;23
Mate;23
Grevensteiner;23
;23
Altbier;23
Diebels;23
Mio Mio;23
Vio;23
Bluna;23
Orangensaft;23
Potts;23
Kronen;23
Pülleken;23
Gin;23
Minawa;23
Becks;23
Römerwall;23
Bitburger;23
Limobier;23
Gösser;23
Mixkiste;23
Volvic Tee;23
Afri Cola;23
Almdudler;23
Hövels;23
Bree;23
Apollinaris;23
Emsland;23
Wein;23
Tyskie;23
Landpark Bio-Quelle;23
Mix;23
Töftes;23
Apfelsaft;23
Alkoholfrei;23
Malz;23
Hansa;23
Granini;23
Waldmeister;23
Hugo;23
Monster;23
Alt;23
Glühwein;23
Iso;23
Tee;23
Saft;23
Paulaner Spezi;23
Toilettenpapier;23
Fritz-Kola;23
Störtebeker;23
Tut Gut;23
Bergmann;23
Erdinger;23
Proviant;23
Redbull;23
Ginger Ale;23
Forstetal;23
Leonie;23
Afri;23
Mineralwasser;23
Cola Light;23
Paulaner;23
Sekt;23
San Pellegrino;23
Chips;23
Limo;23
Aquintus;23
Orangina;23
Vodka;23
Desperados;23
Selters;23
Rosbacher;23
Berliner Luft;23
Köstritzer;23
Diet;23
Light;23
Mönchshof;23
Frankenheim;23
Augustiner;23
Burgwallbronn;23
Jever;23
Milch & Alternativen;23
Schlossquelle;23
Dab;23
Energie;23
Zigaretten;23
Zitrone;23
Aperol;23
Kaffee & Tee;23
Bio;23
Die Limo;23
Vittel;23
Wodka;23
Gösser;24
Mate;24
Cola;24
Wasser;24
Spreequell;24
Fritz;24
Volvic;24
Club Mate;24
Milch;24
Bier;24
Sternburg;24
Fassbrause;24
Tonic;24
Bionade;24
Spezi;24
Eistee;24
Fanta;24
Augustiner;24
Deit;24
Mio;24
Coca Cola;24
Cola Zero;24
Becks;24
Red Bull;24
Bad Liebenwerda;24
Pepsi;24
Mio Mio;24
Kindl;24
Energy;24
Flensburger;24
Berliner Kindl;24
Almdudler;24
Berliner;24
Radler;24
Apfelsaft;24
Sprite;24
Budweiser;24
Rixdorfer;24
Zero;24
Malzbier;24
Bayreuther;24
Coca-Cola;24
Heineken;24
Störtebeker;24
Lübzer;24
Gin;24
Club-Mate;24
Klar;24
Apfelschorle;24
Schweppes;24
Selters;24
Warsteiner;24
Aperol;24
Fritz Cola;24
Proviant;24
Paulaner Spezi;24
Saft;24
Wein;24
Erdinger;24
Grevensteiner;24
Orangensaft;24
Adelholzener;24
Fritz Kola;24
Vilsa;24
Durstlöscher;24
Tegernseer;24
Jever;24
Rothaus;24
Sekt;24
Alasia;24
;24
Carlsberg;24
Paulaner;24
Ginger;24
Redbull;24
Alkoholfrei;24
Oktoberfest;24
Clubmate;24
Märkisch Kristall;24
Mio Mate;24
Astra;24
Lammsbräu;24
Berliner Pilsner;24
Schultheiss;24
Sinalco;24
Lichtenauer;24
Glucks;24
Krombacher;24
Berliner Luft;24
Corona;24
Evian;24
Granini;24
Oatly;24
San Pellegrino;24
Cider;24
Eis;24
Eiswürfel;24
Fritz-Kola;24
Fachingen;24
Tee;24
Brandenburger Quell;24
Ginger Ale;24
Pepsi Max;24
Tyskie;24
Vio;24
Büble;24
Cola Light;24
Prosecco;24
Vittel;24
Club;24
Märkisch;24
Oettinger;24
Alpro;24
Brewdog;24
Monster;24
Brandenburger;24
Vodka;24
Aera;24
Milch & Alternativen;24
Schneider;24
Thomas Henry;24
Wasser Still;24
Bluna;24
Ipa;24
Mineralwasser;24
Zuckerfrei;24
Lipton;24
Mönchshof;24
Sirup;24
Staatl. Fachingen;24
Vitamalz;24
Charitea;24
Veltins;24
Helles;24
Rhön;24
Spaten;24
Störtebecker;24
Bad Liebenwerder;24
Lauretana;24
Malz;24
Rotkäppchen;24
Chips;24
Beck'S;24
Berliner Pilsener;24
Bio;24
Jever Fun;24
Rum;24
Hafermilch;24
Energie;24